[{"model": "learning_logs.topic", "pk": 1, "fields": {"text": "Chess", "date_added": "2023-01-21T21:32:25.765Z", "owner": 1}}, {"model": "learning_logs.topic", "pk": 2, "fields": {"text": "Rock Climbing", "date_added": "2023-01-21T21:33:00.448Z", "owner": 1}}, {"model": "learning_logs.topic", "pk": 3, "fields": {"text": "Django", "date_added": "2023-01-23T13:46:44.837Z", "owner": 1}}, {"model": "learning_logs.topic", "pk": 4, "fields": {"text": "Abby", "date_added": "2023-02-01T02:20:15.496Z", "owner": 3}}, {"model": "learning_logs.topic", "pk": 5, "fields": {"text": "Football", "date_added": "2023-02-01T02:46:45.113Z", "owner": 3}}, {"model": "learning_logs.topic", "pk": 6, "fields": {"text": "Linux", "date_added": "2023-02-01T02:49:03.824Z", "owner": 3}}, {"model": "learning_logs.topic", "pk": 7, "fields": {"text": "Golf", "date_added": "2023-02-02T20:41:51.539Z", "owner": 1}}, {"model": "learning_logs.entry", "pk": 1, "fields": {"topic": 1, "text": "The opening is the first part of the game, roughly the first ten moves or so.  In the opening, it's a good idea to do three things--- bring out your bishops and knights, try to control the center of the board, and castle your king.\r\n\r\nOf course, these are just guidelines. It will be important to learn when to follow these guidelines and when to disregard these suggestions.", "date_added": "2023-01-21T21:50:02.639Z"}}, {"model": "learning_logs.entry", "pk": 2, "fields": {"topic": 1, "text": "In the opening phase of the game, it's important to bring out your bishops and knights.  These pieces are powerful and maneuverable enough to play a significant role in the beginning moves of a game.", "date_added": "2023-01-21T21:52:35.592Z"}}, {"model": "learning_logs.entry", "pk": 3, "fields": {"topic": 2, "text": "One of the most important concepts in climbing is to keep your weight on your feet as much as possible. There's a myth that climbers can hang all day on their arms. In reality, good climbers have practiced specific ways of keeping their weight over their feet whenever possible.", "date_added": "2023-01-21T21:54:38.899Z"}}, {"model": "learning_logs.entry", "pk": 8, "fields": {"topic": 3, "text": "My initial impression of Django is that it seems clumsy and convoluted. For example, I'm following the instructions in the Python Crash Course book to build this Learning Logs web app, and I'm finding it to be very complicated for such a simple app. The directory structure is one example. The main folder for the app is named learning_log.  Inside that folder are two other folders named learning_log and learning_logs. Inside learning_logs is a folder named templates, and inside templates is a folder named learning_logs.", "date_added": "2023-01-23T13:54:16.203Z"}}, {"model": "learning_logs.entry", "pk": 9, "fields": {"topic": 3, "text": "Completed Chapter 19 of Python Crash Course this evening.  The Learning Logs app is fully functional, but hasn't been styled yet. Chapter 20 covers styling and deployment of the app.", "date_added": "2023-01-24T03:55:21.507Z"}}, {"model": "learning_logs.entry", "pk": 10, "fields": {"topic": 4, "text": "Abby is a good girl", "date_added": "2023-02-01T02:28:27.401Z"}}, {"model": "learning_logs.entry", "pk": 14, "fields": {"topic": 7, "text": "Golf is a really crazy game", "date_added": "2023-02-02T20:42:24.444Z"}}, {"model": "learning_logs.entry", "pk": 15, "fields": {"topic": 7, "text": "I played golf on Monday", "date_added": "2023-02-03T03:44:50.794Z"}}, {"model": "learning_logs.entry", "pk": 16, "fields": {"topic": 7, "text": "I hope to go to The Masters someday", "date_added": "2023-02-03T04:06:27.948Z"}}, {"model": "appslist.app", "pk": 1, "fields": {"title": "Learning Log", "appname": "learning_logs", "subdir": "learninglog", "text": "This app allows users to document things they are learning about specific topics.  After registering a userid and password, a user can create one or more \"Topics\" and a set of \"Entries\" for each Topic.  An Entry corresponds to something new that the user has learned about the Topic.  Each Entry is date and time stamped, and Entries can be edited or deleted.\r\n\r\nThe app was originally created based on a tutorial in Python Crash Course by Eric Matthes.  It was subsequently enhanced to allow users to view topics and entries created by other users,  in addition to being able to view, edit, and delete their own entries.", "active": true}}, {"model": "appslist.app", "pk": 2, "fields": {"title": "Beat the Odds", "appname": "beat_the_odds", "subdir": "beat_the_odds", "text": "This app allows a group of people to compete against each other to see who can accumulate the most points by picking the winners of NFL or MLB games using Moneyline odds.", "active": true}}, {"model": "beat_the_odds.contest", "pk": 1, "fields": {"league": "NFL", "season": "2020", "period": "Week 15", "num_picks": 5, "num_games": 16, "wager": "5.00", "winner": "", "active": true}}, {"model": "beat_the_odds.contest", "pk": 2, "fields": {"league": "NFL", "season": "2020", "period": "Week 16", "num_picks": 5, "num_games": 15, "wager": "5.00", "winner": "", "active": true}}, {"model": "beat_the_odds.team", "pk": 1, "fields": {"league": "NFL", "abbrev": "LAC", "name": "Los Angeles Chargers"}}, {"model": "beat_the_odds.team", "pk": 2, "fields": {"league": "NFL", "abbrev": "LV", "name": "Las Vegas Raiders"}}, {"model": "beat_the_odds.team", "pk": 3, "fields": {"league": "NFL", "abbrev": "CAR", "name": "Carolina Panthers"}}, {"model": "beat_the_odds.team", "pk": 4, "fields": {"league": "NFL", "abbrev": "GB", "name": "Green Bay Packers"}}, {"model": "beat_the_odds.team", "pk": 5, "fields": {"league": "NFL", "abbrev": "BUF", "name": "Buffalo Bills"}}, {"model": "beat_the_odds.team", "pk": 6, "fields": {"league": "NFL", "abbrev": "DEN", "name": "Denver Broncos"}}, {"model": "beat_the_odds.team", "pk": 7, "fields": {"league": "NFL", "abbrev": "HOU", "name": "Houston Texans"}}, {"model": "beat_the_odds.team", "pk": 8, "fields": {"league": "NFL", "abbrev": "IND", "name": "Indianapolis Colts"}}, {"model": "beat_the_odds.team", "pk": 9, "fields": {"league": "NFL", "abbrev": "DET", "name": "Detroit Lions"}}, {"model": "beat_the_odds.team", "pk": 10, "fields": {"league": "NFL", "abbrev": "TEN", "name": "Tennessee Titans"}}, {"model": "beat_the_odds.team", "pk": 11, "fields": {"league": "NFL", "abbrev": "NYJ", "name": "New York Jets"}}, {"model": "beat_the_odds.team", "pk": 12, "fields": {"league": "NFL", "abbrev": "LAR", "name": "Los Angeles Rams"}}, {"model": "beat_the_odds.team", "pk": 13, "fields": {"league": "NFL", "abbrev": "TB", "name": "Tampa Bay Buccaneers"}}, {"model": "beat_the_odds.team", "pk": 14, "fields": {"league": "NFL", "abbrev": "ATL", "name": "Atlanta Falcons"}}, {"model": "beat_the_odds.team", "pk": 15, "fields": {"league": "NFL", "abbrev": "NE", "name": "New England Patriots"}}, {"model": "beat_the_odds.team", "pk": 16, "fields": {"league": "NFL", "abbrev": "MIA", "name": "Miami Dolphins"}}, {"model": "beat_the_odds.team", "pk": 17, "fields": {"league": "NFL", "abbrev": "SEA", "name": "Seattle Seahawks"}}, {"model": "beat_the_odds.team", "pk": 18, "fields": {"league": "NFL", "abbrev": "WAS", "name": "Washington Commanders"}}, {"model": "beat_the_odds.team", "pk": 19, "fields": {"league": "NFL", "abbrev": "CHI", "name": "Chicago Bears"}}, {"model": "beat_the_odds.team", "pk": 20, "fields": {"league": "NFL", "abbrev": "MIN", "name": "Minnesota Vikings"}}, {"model": "beat_the_odds.team", "pk": 21, "fields": {"league": "NFL", "abbrev": "JAC", "name": "Jacksonville Jaguars"}}, {"model": "beat_the_odds.team", "pk": 22, "fields": {"league": "NFL", "abbrev": "BAL", "name": "Baltimore Ravens"}}, {"model": "beat_the_odds.team", "pk": 23, "fields": {"league": "NFL", "abbrev": "CLE", "name": "Cleveland Browns"}}, {"model": "beat_the_odds.team", "pk": 24, "fields": {"league": "NFL", "abbrev": "NYG", "name": "New York Giants"}}, {"model": "beat_the_odds.team", "pk": 25, "fields": {"league": "NFL", "abbrev": "PHI", "name": "Philadelphia Eagles"}}, {"model": "beat_the_odds.team", "pk": 26, "fields": {"league": "NFL", "abbrev": "ARI", "name": "Arizona Cardinals"}}, {"model": "beat_the_odds.team", "pk": 27, "fields": {"league": "NFL", "abbrev": "KC", "name": "Kansas City Chiefs"}}, {"model": "beat_the_odds.team", "pk": 28, "fields": {"league": "NFL", "abbrev": "NO", "name": "New Orleans Saints"}}, {"model": "beat_the_odds.team", "pk": 29, "fields": {"league": "NFL", "abbrev": "SF", "name": "San Francisco 49ers"}}, {"model": "beat_the_odds.team", "pk": 30, "fields": {"league": "NFL", "abbrev": "DAL", "name": "Dallas Cowboys"}}, {"model": "beat_the_odds.team", "pk": 31, "fields": {"league": "NFL", "abbrev": "PIT", "name": "Pittsburgh Steelers"}}, {"model": "beat_the_odds.team", "pk": 32, "fields": {"league": "NFL", "abbrev": "CIN", "name": "Cincinnati Bengals"}}, {"model": "beat_the_odds.game", "pk": 1, "fields": {"contest": 1, "game_date": "2020-12-17", "game_time": "20:20:00", "team_away": "LAC", "team_home": "LV", "odds_away": 150, "odds_home": -170, "score_away": null, "score_home": null, "outcome_away": "", "outcome_home": ""}}, {"model": "beat_the_odds.game", "pk": 2, "fields": {"contest": 1, "game_date": "2020-12-19", "game_time": "20:15:00", "team_away": "CAR", "team_home": "GB", "odds_away": 340, "odds_home": -420, "score_away": null, "score_home": null, "outcome_away": "", "outcome_home": ""}}, {"model": "beat_the_odds.game", "pk": 3, "fields": {"contest": 1, "game_date": "2020-12-19", "game_time": "16:30:00", "team_away": "BUF", "team_home": "DEN", "odds_away": -260, "odds_home": 220, "score_away": null, "score_home": null, "outcome_away": "", "outcome_home": ""}}, {"model": "beat_the_odds.game", "pk": 4, "fields": {"contest": 1, "game_date": "2020-12-20", "game_time": "13:00:00", "team_away": "HOU", "team_home": "IND", "odds_away": 270, "odds_home": -330, "score_away": null, "score_home": null, "outcome_away": "", "outcome_home": ""}}, {"model": "beat_the_odds.game", "pk": 5, "fields": {"contest": 1, "game_date": "2020-12-20", "game_time": "13:00:00", "team_away": "DET", "team_home": "TEN", "odds_away": 500, "odds_home": -700, "score_away": null, "score_home": null, "outcome_away": "", "outcome_home": ""}}, {"model": "beat_the_odds.game", "pk": 6, "fields": {"contest": 1, "game_date": "2020-12-20", "game_time": "16:05:00", "team_away": "NYJ", "team_home": "LAR", "odds_away": 1000, "odds_home": -2000, "score_away": null, "score_home": null, "outcome_away": "", "outcome_home": ""}}, {"model": "beat_the_odds.game", "pk": 7, "fields": {"contest": 1, "game_date": "2020-12-20", "game_time": "13:00:00", "team_away": "TB", "team_home": "ATL", "odds_away": -260, "odds_home": 220, "score_away": null, "score_home": null, "outcome_away": "", "outcome_home": ""}}, {"model": "beat_the_odds.game", "pk": 8, "fields": {"contest": 1, "game_date": "2020-12-20", "game_time": "13:00:00", "team_away": "NE", "team_home": "MIA", "odds_away": 110, "odds_home": -130, "score_away": null, "score_home": null, "outcome_away": "", "outcome_home": ""}}, {"model": "beat_the_odds.game", "pk": 9, "fields": {"contest": 1, "game_date": "2020-12-20", "game_time": "13:00:00", "team_away": "SEA", "team_home": "WAS", "odds_away": -250, "odds_home": 210, "score_away": null, "score_home": null, "outcome_away": "", "outcome_home": ""}}, {"model": "beat_the_odds.game", "pk": 10, "fields": {"contest": 1, "game_date": "2020-12-20", "game_time": "13:00:00", "team_away": "CHI", "team_home": "MIN", "odds_away": 155, "odds_home": -175, "score_away": null, "score_home": null, "outcome_away": "", "outcome_home": ""}}, {"model": "beat_the_odds.game", "pk": 11, "fields": {"contest": 1, "game_date": "2020-12-20", "game_time": "13:00:00", "team_away": "JAC", "team_home": "BAL", "odds_away": 650, "odds_home": -1000, "score_away": null, "score_home": null, "outcome_away": "", "outcome_home": ""}}, {"model": "beat_the_odds.game", "pk": 12, "fields": {"contest": 1, "game_date": "2020-12-20", "game_time": "20:20:00", "team_away": "CLE", "team_home": "NYG", "odds_away": -210, "odds_home": 180, "score_away": null, "score_home": null, "outcome_away": "", "outcome_home": ""}}, {"model": "beat_the_odds.game", "pk": 13, "fields": {"contest": 1, "game_date": "2020-12-20", "game_time": "16:05:00", "team_away": "PHI", "team_home": "ARI", "odds_away": 240, "odds_home": -280, "score_away": null, "score_home": null, "outcome_away": "", "outcome_home": ""}}, {"model": "beat_the_odds.game", "pk": 14, "fields": {"contest": 1, "game_date": "2020-12-20", "game_time": "16:25:00", "team_away": "KC", "team_home": "NO", "odds_away": -170, "odds_home": 150, "score_away": null, "score_home": null, "outcome_away": "", "outcome_home": ""}}, {"model": "beat_the_odds.game", "pk": 15, "fields": {"contest": 1, "game_date": "2020-12-20", "game_time": "13:00:00", "team_away": "SF", "team_home": "DAL", "odds_away": -160, "odds_home": 140, "score_away": null, "score_home": null, "outcome_away": "", "outcome_home": ""}}, {"model": "beat_the_odds.game", "pk": 16, "fields": {"contest": 1, "game_date": "2020-12-21", "game_time": "20:15:00", "team_away": "PIT", "team_home": "CIN", "odds_away": -900, "odds_home": 600, "score_away": null, "score_home": null, "outcome_away": "", "outcome_home": ""}}, {"model": "beat_the_odds.game", "pk": 17, "fields": {"contest": 2, "game_date": "2020-12-26", "game_time": "04:35:00", "team_away": "TB", "team_home": "DET", "odds_away": -200, "odds_home": 320, "score_away": null, "score_home": null, "outcome_away": "", "outcome_home": ""}}, {"model": "admin.logentry", "pk": 1, "fields": {"action_time": "2023-01-21T21:32:25.766Z", "user": 1, "content_type": 7, "object_id": "1", "object_repr": "Chess", "action_flag": 1, "change_message": "[{\"added\": {}}]"}}, {"model": "admin.logentry", "pk": 2, "fields": {"action_time": "2023-01-21T21:33:00.449Z", "user": 1, "content_type": 7, "object_id": "2", "object_repr": "Rock Climbing", "action_flag": 1, "change_message": "[{\"added\": {}}]"}}, {"model": "admin.logentry", "pk": 3, "fields": {"action_time": "2023-01-21T21:50:02.640Z", "user": 1, "content_type": 8, "object_id": "1", "object_repr": "The opening is the first part of the game, roughly...", "action_flag": 1, "change_message": "[{\"added\": {}}]"}}, {"model": "admin.logentry", "pk": 4, "fields": {"action_time": "2023-01-21T21:52:35.593Z", "user": 1, "content_type": 8, "object_id": "2", "object_repr": "In the opening phase of the game, it's important t...", "action_flag": 1, "change_message": "[{\"added\": {}}]"}}, {"model": "admin.logentry", "pk": 5, "fields": {"action_time": "2023-01-21T21:54:38.901Z", "user": 1, "content_type": 8, "object_id": "3", "object_repr": "One of the most important concepts in climbing is ...", "action_flag": 1, "change_message": "[{\"added\": {}}]"}}, {"model": "admin.logentry", "pk": 6, "fields": {"action_time": "2023-01-23T20:55:25.352Z", "user": 1, "content_type": 8, "object_id": "7", "object_repr": "Another attempt.  Included an import for the redir...", "action_flag": 3, "change_message": ""}}, {"model": "admin.logentry", "pk": 7, "fields": {"action_time": "2023-01-23T20:55:25.357Z", "user": 1, "content_type": 8, "object_id": "6", "object_repr": "An attempt to fix the return redirect problem...", "action_flag": 3, "change_message": ""}}, {"model": "admin.logentry", "pk": 8, "fields": {"action_time": "2023-01-23T20:55:25.359Z", "user": 1, "content_type": 8, "object_id": "5", "object_repr": "This is another test.  The prior one failed.  The ...", "action_flag": 3, "change_message": ""}}, {"model": "admin.logentry", "pk": 9, "fields": {"action_time": "2023-01-23T20:55:25.361Z", "user": 1, "content_type": 8, "object_id": "4", "object_repr": "Just adding this as a test of the New Entry featur...", "action_flag": 3, "change_message": ""}}, {"model": "admin.logentry", "pk": 10, "fields": {"action_time": "2023-02-17T22:19:36.703Z", "user": 1, "content_type": 9, "object_id": "1", "object_repr": "This app allows users to document things they are ...", "action_flag": 1, "change_message": "[{\"added\": {}}]"}}, {"model": "admin.logentry", "pk": 11, "fields": {"action_time": "2023-02-18T05:20:41.497Z", "user": 1, "content_type": 9, "object_id": "1", "object_repr": "This app allows users to document things they are ...", "action_flag": 2, "change_message": "[{\"changed\": {\"fields\": [\"Text\"]}}]"}}, {"model": "admin.logentry", "pk": 12, "fields": {"action_time": "2023-02-18T13:40:37.979Z", "user": 1, "content_type": 9, "object_id": "1", "object_repr": "This app allows users to document things they are ...", "action_flag": 2, "change_message": "[{\"changed\": {\"fields\": [\"Text\"]}}]"}}, {"model": "admin.logentry", "pk": 13, "fields": {"action_time": "2023-02-18T13:50:12.834Z", "user": 1, "content_type": 9, "object_id": "2", "object_repr": "UNDER CONSTRUCTION\r\n\r\nThis app allows a group of p...", "action_flag": 1, "change_message": "[{\"added\": {}}]"}}, {"model": "admin.logentry", "pk": 14, "fields": {"action_time": "2023-02-18T15:35:19.696Z", "user": 1, "content_type": 9, "object_id": "2", "object_repr": "UNDER CONSTRUCTION\r\n\r\nThis app allows a group of p...", "action_flag": 2, "change_message": "[{\"changed\": {\"fields\": [\"Appname\"]}}]"}}, {"model": "admin.logentry", "pk": 15, "fields": {"action_time": "2023-02-18T15:35:34.946Z", "user": 1, "content_type": 9, "object_id": "1", "object_repr": "This app allows users to document things they are ...", "action_flag": 2, "change_message": "[{\"changed\": {\"fields\": [\"Appname\"]}}]"}}, {"model": "admin.logentry", "pk": 16, "fields": {"action_time": "2023-02-18T16:53:37.031Z", "user": 1, "content_type": 9, "object_id": "1", "object_repr": "This app allows users to document things they are ...", "action_flag": 2, "change_message": "[{\"changed\": {\"fields\": [\"Active\"]}}]"}}, {"model": "admin.logentry", "pk": 17, "fields": {"action_time": "2023-02-18T17:01:10.040Z", "user": 1, "content_type": 9, "object_id": "2", "object_repr": "UNDER CONSTRUCTION\r\n\r\nThis app will allow a group ...", "action_flag": 2, "change_message": "[{\"changed\": {\"fields\": [\"Text\"]}}]"}}, {"model": "admin.logentry", "pk": 18, "fields": {"action_time": "2023-03-10T20:25:07.633Z", "user": 1, "content_type": 9, "object_id": "2", "object_repr": "UNDER CONSTRUCTION\r\n\r\nThis app will allow a group ...", "action_flag": 2, "change_message": "[{\"changed\": {\"fields\": [\"Title\", \"Appname\", \"Subdir\", \"Text\"]}}]"}}, {"model": "admin.logentry", "pk": 19, "fields": {"action_time": "2023-03-15T01:29:00.160Z", "user": 1, "content_type": 11, "object_id": "1", "object_repr": "NFL - 2020 - Week 15", "action_flag": 1, "change_message": "[{\"added\": {}}]"}}, {"model": "admin.logentry", "pk": 20, "fields": {"action_time": "2023-03-15T01:39:58.681Z", "user": 1, "content_type": 14, "object_id": "1", "object_repr": "2020-12-17 - LAC at LV", "action_flag": 1, "change_message": "[{\"added\": {}}]"}}, {"model": "admin.logentry", "pk": 21, "fields": {"action_time": "2023-03-15T01:44:07.702Z", "user": 1, "content_type": 14, "object_id": "2", "object_repr": "2020-12-19: CAR at GB", "action_flag": 1, "change_message": "[{\"added\": {}}]"}}, {"model": "admin.logentry", "pk": 22, "fields": {"action_time": "2023-03-15T01:45:10.498Z", "user": 1, "content_type": 14, "object_id": "3", "object_repr": "2020-12-19: BUF at DEN", "action_flag": 1, "change_message": "[{\"added\": {}}]"}}, {"model": "admin.logentry", "pk": 23, "fields": {"action_time": "2023-03-15T01:46:23.091Z", "user": 1, "content_type": 14, "object_id": "4", "object_repr": "2020-12-20: HOU at IND", "action_flag": 1, "change_message": "[{\"added\": {}}]"}}, {"model": "admin.logentry", "pk": 24, "fields": {"action_time": "2023-03-15T01:47:06.047Z", "user": 1, "content_type": 14, "object_id": "5", "object_repr": "2020-12-20: DET at TEN", "action_flag": 1, "change_message": "[{\"added\": {}}]"}}, {"model": "admin.logentry", "pk": 25, "fields": {"action_time": "2023-03-15T01:48:09.649Z", "user": 1, "content_type": 14, "object_id": "6", "object_repr": "2020-12-20: NYJ at LAR", "action_flag": 1, "change_message": "[{\"added\": {}}]"}}, {"model": "admin.logentry", "pk": 26, "fields": {"action_time": "2023-03-15T01:48:50.163Z", "user": 1, "content_type": 14, "object_id": "7", "object_repr": "2020-12-20: TB at ATL", "action_flag": 1, "change_message": "[{\"added\": {}}]"}}, {"model": "admin.logentry", "pk": 27, "fields": {"action_time": "2023-03-15T01:49:37.920Z", "user": 1, "content_type": 14, "object_id": "8", "object_repr": "2020-12-20: NE at MIA", "action_flag": 1, "change_message": "[{\"added\": {}}]"}}, {"model": "admin.logentry", "pk": 28, "fields": {"action_time": "2023-03-15T01:50:32.615Z", "user": 1, "content_type": 14, "object_id": "9", "object_repr": "2020-12-20: SEA at WAS", "action_flag": 1, "change_message": "[{\"added\": {}}]"}}, {"model": "admin.logentry", "pk": 29, "fields": {"action_time": "2023-03-15T01:51:12.944Z", "user": 1, "content_type": 14, "object_id": "10", "object_repr": "2020-12-20: CHI at MIN", "action_flag": 1, "change_message": "[{\"added\": {}}]"}}, {"model": "admin.logentry", "pk": 30, "fields": {"action_time": "2023-03-15T01:51:58.513Z", "user": 1, "content_type": 14, "object_id": "11", "object_repr": "2020-12-20: JAC at BAL", "action_flag": 1, "change_message": "[{\"added\": {}}]"}}, {"model": "admin.logentry", "pk": 31, "fields": {"action_time": "2023-03-15T01:52:34.699Z", "user": 1, "content_type": 14, "object_id": "12", "object_repr": "2020-12-20: CLE at NYG", "action_flag": 1, "change_message": "[{\"added\": {}}]"}}, {"model": "admin.logentry", "pk": 32, "fields": {"action_time": "2023-03-15T01:53:21.783Z", "user": 1, "content_type": 14, "object_id": "13", "object_repr": "2020-12-20: PHI at ARI", "action_flag": 1, "change_message": "[{\"added\": {}}]"}}, {"model": "admin.logentry", "pk": 33, "fields": {"action_time": "2023-03-15T01:54:08.250Z", "user": 1, "content_type": 14, "object_id": "14", "object_repr": "2020-12-20: KC at NO", "action_flag": 1, "change_message": "[{\"added\": {}}]"}}, {"model": "admin.logentry", "pk": 34, "fields": {"action_time": "2023-03-15T01:54:47.316Z", "user": 1, "content_type": 14, "object_id": "15", "object_repr": "2020-12-20: SF at DAL", "action_flag": 1, "change_message": "[{\"added\": {}}]"}}, {"model": "admin.logentry", "pk": 35, "fields": {"action_time": "2023-03-15T01:55:28.761Z", "user": 1, "content_type": 14, "object_id": "16", "object_repr": "2020-12-21: PIT at cin", "action_flag": 1, "change_message": "[{\"added\": {}}]"}}, {"model": "admin.logentry", "pk": 36, "fields": {"action_time": "2023-03-15T01:56:26.648Z", "user": 1, "content_type": 10, "object_id": "1", "object_repr": "LAC - Los Angeles Chargers", "action_flag": 1, "change_message": "[{\"added\": {}}]"}}, {"model": "admin.logentry", "pk": 37, "fields": {"action_time": "2023-03-15T01:56:44.286Z", "user": 1, "content_type": 10, "object_id": "2", "object_repr": "LV - Las Vegas Raiders", "action_flag": 1, "change_message": "[{\"added\": {}}]"}}, {"model": "admin.logentry", "pk": 38, "fields": {"action_time": "2023-03-15T01:57:03.017Z", "user": 1, "content_type": 10, "object_id": "3", "object_repr": "CAR - Carolina Panthers", "action_flag": 1, "change_message": "[{\"added\": {}}]"}}, {"model": "admin.logentry", "pk": 39, "fields": {"action_time": "2023-03-15T01:57:19.428Z", "user": 1, "content_type": 10, "object_id": "4", "object_repr": "GB - Green Bay Packers", "action_flag": 1, "change_message": "[{\"added\": {}}]"}}, {"model": "admin.logentry", "pk": 40, "fields": {"action_time": "2023-03-15T01:57:34.008Z", "user": 1, "content_type": 10, "object_id": "5", "object_repr": "BUF - Buffalo Bills", "action_flag": 1, "change_message": "[{\"added\": {}}]"}}, {"model": "admin.logentry", "pk": 41, "fields": {"action_time": "2023-03-15T01:57:49.303Z", "user": 1, "content_type": 10, "object_id": "6", "object_repr": "DEN - Denver Broncos", "action_flag": 1, "change_message": "[{\"added\": {}}]"}}, {"model": "admin.logentry", "pk": 42, "fields": {"action_time": "2023-03-15T01:58:09.303Z", "user": 1, "content_type": 10, "object_id": "7", "object_repr": "HOU - Houston Texans", "action_flag": 1, "change_message": "[{\"added\": {}}]"}}, {"model": "admin.logentry", "pk": 43, "fields": {"action_time": "2023-03-15T01:58:26.008Z", "user": 1, "content_type": 10, "object_id": "8", "object_repr": "IND - Indianapolis Colts", "action_flag": 1, "change_message": "[{\"added\": {}}]"}}, {"model": "admin.logentry", "pk": 44, "fields": {"action_time": "2023-03-15T01:58:45.217Z", "user": 1, "content_type": 10, "object_id": "9", "object_repr": "DET - Detroit Lions", "action_flag": 1, "change_message": "[{\"added\": {}}]"}}, {"model": "admin.logentry", "pk": 45, "fields": {"action_time": "2023-03-15T01:59:14.457Z", "user": 1, "content_type": 10, "object_id": "10", "object_repr": "TEN - Tennessee Titans", "action_flag": 1, "change_message": "[{\"added\": {}}]"}}, {"model": "admin.logentry", "pk": 46, "fields": {"action_time": "2023-03-15T01:59:30.501Z", "user": 1, "content_type": 10, "object_id": "11", "object_repr": "NYJ - New York Jets", "action_flag": 1, "change_message": "[{\"added\": {}}]"}}, {"model": "admin.logentry", "pk": 47, "fields": {"action_time": "2023-03-15T01:59:45.558Z", "user": 1, "content_type": 10, "object_id": "12", "object_repr": "LAR - Los Angeles Rams", "action_flag": 1, "change_message": "[{\"added\": {}}]"}}, {"model": "admin.logentry", "pk": 48, "fields": {"action_time": "2023-03-15T02:01:01.278Z", "user": 1, "content_type": 10, "object_id": "13", "object_repr": "TB - Tampa Bay Buccaneers", "action_flag": 1, "change_message": "[{\"added\": {}}]"}}, {"model": "admin.logentry", "pk": 49, "fields": {"action_time": "2023-03-15T02:01:16.514Z", "user": 1, "content_type": 10, "object_id": "14", "object_repr": "ATL - Atlanta Falcons", "action_flag": 1, "change_message": "[{\"added\": {}}]"}}, {"model": "admin.logentry", "pk": 50, "fields": {"action_time": "2023-03-15T02:01:36.132Z", "user": 1, "content_type": 10, "object_id": "15", "object_repr": "NE - New England Patriots", "action_flag": 1, "change_message": "[{\"added\": {}}]"}}, {"model": "admin.logentry", "pk": 51, "fields": {"action_time": "2023-03-15T02:01:51.260Z", "user": 1, "content_type": 10, "object_id": "16", "object_repr": "MIA - Miami Dolphins", "action_flag": 1, "change_message": "[{\"added\": {}}]"}}, {"model": "admin.logentry", "pk": 52, "fields": {"action_time": "2023-03-15T02:02:07.646Z", "user": 1, "content_type": 10, "object_id": "17", "object_repr": "SEA - Seattle Seahawks", "action_flag": 1, "change_message": "[{\"added\": {}}]"}}, {"model": "admin.logentry", "pk": 53, "fields": {"action_time": "2023-03-15T02:02:23.283Z", "user": 1, "content_type": 10, "object_id": "18", "object_repr": "WAS - Washington Commanders", "action_flag": 1, "change_message": "[{\"added\": {}}]"}}, {"model": "admin.logentry", "pk": 54, "fields": {"action_time": "2023-03-15T02:02:35.635Z", "user": 1, "content_type": 10, "object_id": "19", "object_repr": "CHI - Chicago Bears", "action_flag": 1, "change_message": "[{\"added\": {}}]"}}, {"model": "admin.logentry", "pk": 55, "fields": {"action_time": "2023-03-15T02:02:52.478Z", "user": 1, "content_type": 10, "object_id": "20", "object_repr": "MIN - Minnesota Vikings", "action_flag": 1, "change_message": "[{\"added\": {}}]"}}, {"model": "admin.logentry", "pk": 56, "fields": {"action_time": "2023-03-15T02:03:13.523Z", "user": 1, "content_type": 10, "object_id": "21", "object_repr": "JAC - Jacksonville Jaguars", "action_flag": 1, "change_message": "[{\"added\": {}}]"}}, {"model": "admin.logentry", "pk": 57, "fields": {"action_time": "2023-03-15T02:03:27.047Z", "user": 1, "content_type": 10, "object_id": "22", "object_repr": "BAL - Baltimore Ravens", "action_flag": 1, "change_message": "[{\"added\": {}}]"}}, {"model": "admin.logentry", "pk": 58, "fields": {"action_time": "2023-03-15T02:03:47.951Z", "user": 1, "content_type": 10, "object_id": "23", "object_repr": "CLE - Cleveland Browns", "action_flag": 1, "change_message": "[{\"added\": {}}]"}}, {"model": "admin.logentry", "pk": 59, "fields": {"action_time": "2023-03-15T02:04:09.649Z", "user": 1, "content_type": 10, "object_id": "24", "object_repr": "NYG - New York Giants", "action_flag": 1, "change_message": "[{\"added\": {}}]"}}, {"model": "admin.logentry", "pk": 60, "fields": {"action_time": "2023-03-15T02:04:45.523Z", "user": 1, "content_type": 10, "object_id": "25", "object_repr": "PHI - Philadelphia Eagles", "action_flag": 1, "change_message": "[{\"added\": {}}]"}}, {"model": "admin.logentry", "pk": 61, "fields": {"action_time": "2023-03-15T02:05:15.365Z", "user": 1, "content_type": 10, "object_id": "26", "object_repr": "ARI - Arizona Cardinals", "action_flag": 1, "change_message": "[{\"added\": {}}]"}}, {"model": "admin.logentry", "pk": 62, "fields": {"action_time": "2023-03-15T02:05:32.228Z", "user": 1, "content_type": 10, "object_id": "27", "object_repr": "KC - Kansas City Chiefs", "action_flag": 1, "change_message": "[{\"added\": {}}]"}}, {"model": "admin.logentry", "pk": 63, "fields": {"action_time": "2023-03-15T02:05:49.722Z", "user": 1, "content_type": 10, "object_id": "28", "object_repr": "NO - New Orleans Saints", "action_flag": 1, "change_message": "[{\"added\": {}}]"}}, {"model": "admin.logentry", "pk": 64, "fields": {"action_time": "2023-03-15T02:06:17.551Z", "user": 1, "content_type": 10, "object_id": "29", "object_repr": "SF - San Francisco 49ers", "action_flag": 1, "change_message": "[{\"added\": {}}]"}}, {"model": "admin.logentry", "pk": 65, "fields": {"action_time": "2023-03-15T02:06:38.375Z", "user": 1, "content_type": 10, "object_id": "30", "object_repr": "DAL - Dallas Cowboys", "action_flag": 1, "change_message": "[{\"added\": {}}]"}}, {"model": "admin.logentry", "pk": 66, "fields": {"action_time": "2023-03-15T02:06:56.305Z", "user": 1, "content_type": 10, "object_id": "31", "object_repr": "PIT - Pittsburgh Steelers", "action_flag": 1, "change_message": "[{\"added\": {}}]"}}, {"model": "admin.logentry", "pk": 67, "fields": {"action_time": "2023-03-15T02:07:25.050Z", "user": 1, "content_type": 10, "object_id": "32", "object_repr": "CIN - Cincinnati Bengals", "action_flag": 1, "change_message": "[{\"added\": {}}]"}}, {"model": "admin.logentry", "pk": 68, "fields": {"action_time": "2023-03-16T01:23:16.881Z", "user": 1, "content_type": 9, "object_id": "2", "object_repr": "beat_the_odds - This app allows a group of people to compete again...", "action_flag": 2, "change_message": "[{\"changed\": {\"fields\": [\"Text\", \"Active\"]}}]"}}, {"model": "admin.logentry", "pk": 69, "fields": {"action_time": "2023-03-18T23:46:35.979Z", "user": 1, "content_type": 14, "object_id": "16", "object_repr": "2020-12-21: PIT at CIN", "action_flag": 2, "change_message": "[{\"changed\": {\"fields\": [\"Team home\"]}}]"}}, {"model": "admin.logentry", "pk": 70, "fields": {"action_time": "2023-03-20T15:14:58.699Z", "user": 1, "content_type": 11, "object_id": "2", "object_repr": "NFL - 2020 - Week 16", "action_flag": 1, "change_message": "[{\"added\": {}}]"}}, {"model": "admin.logentry", "pk": 71, "fields": {"action_time": "2023-03-20T15:18:59.282Z", "user": 1, "content_type": 14, "object_id": "17", "object_repr": "2020-12-26: TB at DET", "action_flag": 1, "change_message": "[{\"added\": {}}]"}}, {"model": "auth.permission", "pk": 1, "fields": {"name": "Can add log entry", "content_type": 1, "codename": "add_logentry"}}, {"model": "auth.permission", "pk": 2, "fields": {"name": "Can change log entry", "content_type": 1, "codename": "change_logentry"}}, {"model": "auth.permission", "pk": 3, "fields": {"name": "Can delete log entry", "content_type": 1, "codename": "delete_logentry"}}, {"model": "auth.permission", "pk": 4, "fields": {"name": "Can view log entry", "content_type": 1, "codename": "view_logentry"}}, {"model": "auth.permission", "pk": 5, "fields": {"name": "Can add permission", "content_type": 2, "codename": "add_permission"}}, {"model": "auth.permission", "pk": 6, "fields": {"name": "Can change permission", "content_type": 2, "codename": "change_permission"}}, {"model": "auth.permission", "pk": 7, "fields": {"name": "Can delete permission", "content_type": 2, "codename": "delete_permission"}}, {"model": "auth.permission", "pk": 8, "fields": {"name": "Can view permission", "content_type": 2, "codename": "view_permission"}}, {"model": "auth.permission", "pk": 9, "fields": {"name": "Can add group", "content_type": 3, "codename": "add_group"}}, {"model": "auth.permission", "pk": 10, "fields": {"name": "Can change group", "content_type": 3, "codename": "change_group"}}, {"model": "auth.permission", "pk": 11, "fields": {"name": "Can delete group", "content_type": 3, "codename": "delete_group"}}, {"model": "auth.permission", "pk": 12, "fields": {"name": "Can view group", "content_type": 3, "codename": "view_group"}}, {"model": "auth.permission", "pk": 13, "fields": {"name": "Can add user", "content_type": 4, "codename": "add_user"}}, {"model": "auth.permission", "pk": 14, "fields": {"name": "Can change user", "content_type": 4, "codename": "change_user"}}, {"model": "auth.permission", "pk": 15, "fields": {"name": "Can delete user", "content_type": 4, "codename": "delete_user"}}, {"model": "auth.permission", "pk": 16, "fields": {"name": "Can view user", "content_type": 4, "codename": "view_user"}}, {"model": "auth.permission", "pk": 17, "fields": {"name": "Can add content type", "content_type": 5, "codename": "add_contenttype"}}, {"model": "auth.permission", "pk": 18, "fields": {"name": "Can change content type", "content_type": 5, "codename": "change_contenttype"}}, {"model": "auth.permission", "pk": 19, "fields": {"name": "Can delete content type", "content_type": 5, "codename": "delete_contenttype"}}, {"model": "auth.permission", "pk": 20, "fields": {"name": "Can view content type", "content_type": 5, "codename": "view_contenttype"}}, {"model": "auth.permission", "pk": 21, "fields": {"name": "Can add session", "content_type": 6, "codename": "add_session"}}, {"model": "auth.permission", "pk": 22, "fields": {"name": "Can change session", "content_type": 6, "codename": "change_session"}}, {"model": "auth.permission", "pk": 23, "fields": {"name": "Can delete session", "content_type": 6, "codename": "delete_session"}}, {"model": "auth.permission", "pk": 24, "fields": {"name": "Can view session", "content_type": 6, "codename": "view_session"}}, {"model": "auth.permission", "pk": 25, "fields": {"name": "Can add topic", "content_type": 7, "codename": "add_topic"}}, {"model": "auth.permission", "pk": 26, "fields": {"name": "Can change topic", "content_type": 7, "codename": "change_topic"}}, {"model": "auth.permission", "pk": 27, "fields": {"name": "Can delete topic", "content_type": 7, "codename": "delete_topic"}}, {"model": "auth.permission", "pk": 28, "fields": {"name": "Can view topic", "content_type": 7, "codename": "view_topic"}}, {"model": "auth.permission", "pk": 29, "fields": {"name": "Can add entry", "content_type": 8, "codename": "add_entry"}}, {"model": "auth.permission", "pk": 30, "fields": {"name": "Can change entry", "content_type": 8, "codename": "change_entry"}}, {"model": "auth.permission", "pk": 31, "fields": {"name": "Can delete entry", "content_type": 8, "codename": "delete_entry"}}, {"model": "auth.permission", "pk": 32, "fields": {"name": "Can view entry", "content_type": 8, "codename": "view_entry"}}, {"model": "auth.permission", "pk": 33, "fields": {"name": "Can add app", "content_type": 9, "codename": "add_app"}}, {"model": "auth.permission", "pk": 34, "fields": {"name": "Can change app", "content_type": 9, "codename": "change_app"}}, {"model": "auth.permission", "pk": 35, "fields": {"name": "Can delete app", "content_type": 9, "codename": "delete_app"}}, {"model": "auth.permission", "pk": 36, "fields": {"name": "Can view app", "content_type": 9, "codename": "view_app"}}, {"model": "auth.permission", "pk": 37, "fields": {"name": "Can add team", "content_type": 10, "codename": "add_team"}}, {"model": "auth.permission", "pk": 38, "fields": {"name": "Can change team", "content_type": 10, "codename": "change_team"}}, {"model": "auth.permission", "pk": 39, "fields": {"name": "Can delete team", "content_type": 10, "codename": "delete_team"}}, {"model": "auth.permission", "pk": 40, "fields": {"name": "Can view team", "content_type": 10, "codename": "view_team"}}, {"model": "auth.permission", "pk": 41, "fields": {"name": "Can add contest", "content_type": 11, "codename": "add_contest"}}, {"model": "auth.permission", "pk": 42, "fields": {"name": "Can change contest", "content_type": 11, "codename": "change_contest"}}, {"model": "auth.permission", "pk": 43, "fields": {"name": "Can delete contest", "content_type": 11, "codename": "delete_contest"}}, {"model": "auth.permission", "pk": 44, "fields": {"name": "Can view contest", "content_type": 11, "codename": "view_contest"}}, {"model": "auth.permission", "pk": 45, "fields": {"name": "Can add pick", "content_type": 12, "codename": "add_pick"}}, {"model": "auth.permission", "pk": 46, "fields": {"name": "Can change pick", "content_type": 12, "codename": "change_pick"}}, {"model": "auth.permission", "pk": 47, "fields": {"name": "Can delete pick", "content_type": 12, "codename": "delete_pick"}}, {"model": "auth.permission", "pk": 48, "fields": {"name": "Can view pick", "content_type": 12, "codename": "view_pick"}}, {"model": "auth.permission", "pk": 49, "fields": {"name": "Can add stat", "content_type": 13, "codename": "add_stat"}}, {"model": "auth.permission", "pk": 50, "fields": {"name": "Can change stat", "content_type": 13, "codename": "change_stat"}}, {"model": "auth.permission", "pk": 51, "fields": {"name": "Can delete stat", "content_type": 13, "codename": "delete_stat"}}, {"model": "auth.permission", "pk": 52, "fields": {"name": "Can view stat", "content_type": 13, "codename": "view_stat"}}, {"model": "auth.permission", "pk": 53, "fields": {"name": "Can add game", "content_type": 14, "codename": "add_game"}}, {"model": "auth.permission", "pk": 54, "fields": {"name": "Can change game", "content_type": 14, "codename": "change_game"}}, {"model": "auth.permission", "pk": 55, "fields": {"name": "Can delete game", "content_type": 14, "codename": "delete_game"}}, {"model": "auth.permission", "pk": 56, "fields": {"name": "Can view game", "content_type": 14, "codename": "view_game"}}, {"model": "auth.user", "pk": 1, "fields": {"password": "pbkdf2_sha256$390000$A3hnxYgHaGl072REd8AQwo$5b8axzNMAbZsbG7Ud97n7vZvWYmO568Pkts40Ug4gC0=", "last_login": "2023-03-19T12:46:16.514Z", "is_superuser": true, "username": "jfagan", "first_name": "", "last_name": "", "email": "jfagan@me.com", "is_staff": true, "is_active": true, "date_joined": "2023-01-21T21:26:17.881Z", "groups": [], "user_permissions": []}}, {"model": "auth.user", "pk": 2, "fields": {"password": "pbkdf2_sha256$390000$M76pa4Blz77V46T2h4MeLQ$YVjUySS1ceB4D4MGdModu1ITW7nZ1qMGhAK/qbZA8aY=", "last_login": "2023-01-24T03:44:57.160Z", "is_superuser": false, "username": "testuser_1", "first_name": "", "last_name": "", "email": "", "is_staff": false, "is_active": true, "date_joined": "2023-01-23T23:27:20.324Z", "groups": [], "user_permissions": []}}, {"model": "auth.user", "pk": 3, "fields": {"password": "pbkdf2_sha256$390000$JAvQvKjvUDIEUoWrhK0eSJ$eJXKc2lmkVnVCRyPUBuzg9Ls9eigXYIALj6YYZ4jGNM=", "last_login": "2023-02-01T03:17:17.692Z", "is_superuser": false, "username": "spf11", "first_name": "", "last_name": "", "email": "", "is_staff": false, "is_active": true, "date_joined": "2023-02-01T02:19:57.242Z", "groups": [], "user_permissions": []}}, {"model": "contenttypes.contenttype", "pk": 1, "fields": {"app_label": "admin", "model": "logentry"}}, {"model": "contenttypes.contenttype", "pk": 2, "fields": {"app_label": "auth", "model": "permission"}}, {"model": "contenttypes.contenttype", "pk": 3, "fields": {"app_label": "auth", "model": "group"}}, {"model": "contenttypes.contenttype", "pk": 4, "fields": {"app_label": "auth", "model": "user"}}, {"model": "contenttypes.contenttype", "pk": 5, "fields": {"app_label": "contenttypes", "model": "contenttype"}}, {"model": "contenttypes.contenttype", "pk": 6, "fields": {"app_label": "sessions", "model": "session"}}, {"model": "contenttypes.contenttype", "pk": 7, "fields": {"app_label": "learning_logs", "model": "topic"}}, {"model": "contenttypes.contenttype", "pk": 8, "fields": {"app_label": "learning_logs", "model": "entry"}}, {"model": "contenttypes.contenttype", "pk": 9, "fields": {"app_label": "appslist", "model": "app"}}, {"model": "contenttypes.contenttype", "pk": 10, "fields": {"app_label": "beat_the_odds", "model": "team"}}, {"model": "contenttypes.contenttype", "pk": 11, "fields": {"app_label": "beat_the_odds", "model": "contest"}}, {"model": "contenttypes.contenttype", "pk": 12, "fields": {"app_label": "beat_the_odds", "model": "pick"}}, {"model": "contenttypes.contenttype", "pk": 13, "fields": {"app_label": "beat_the_odds", "model": "stat"}}, {"model": "contenttypes.contenttype", "pk": 14, "fields": {"app_label": "beat_the_odds", "model": "game"}}, {"model": "sessions.session", "pk": "9rayuhihrk3it5waklmkkpbfkoz6ayqa", "fields": {"session_data": ".eJxVjEEOwiAQRe_C2pBOmYHi0r1nIFMYpGpKUtqV8e7apAvd_vfef6nA21rC1mQJU1JnBer0u40cHzLvIN15vlUd67wu06h3RR-06WtN8rwc7t9B4Va-NZJEIBwkZvSco49CzMDcOe-AqO-tG4ASGYOMmKhD7ywYQWabPaj3B-GIN0U:1pPG36:NI3xjg_PEF5Id_qtb39NFWs2iwaJvDalxAqSroxhHt0", "expire_date": "2023-02-21T04:57:44.869Z"}}, {"model": "sessions.session", "pk": "h4czmkee7i0x5flwg6rw26ve0wizq3yv", "fields": {"session_data": ".eJxVjEEOwiAQRe_C2hChwLQu3XuGZoZhpGogKe3KeHdD0oVu_3vvv9WM-5bnvaV1XlhdlFGn340wPlPpgB9Y7lXHWrZ1Id0VfdCmb5XT63q4fwcZW-41TOEslgIQsgg44hEc-zg5MOS9ATMgg5hg0FoakScWEhyILYFE9fkC98Y49Q:1pdsQS:5XgevHbWEkWstmvkPlX0nA2wTaPh3kzxQ--5Me15BGM", "expire_date": "2023-04-02T12:46:16.515Z"}}, {"model": "sessions.session", "pk": "hzri7ow2mxr9i3iejyo704xrspko131t", "fields": {"session_data": ".eJxVjMsOwiAQRf-FtSFAZ4C6dO83kBkeUjU0Ke3K-O_apAvd3nPOfYlA21rD1vMSpiTOQovT78YUH7ntIN2p3WYZ57YuE8tdkQft8jqn_Lwc7t9BpV6_NTLYaAgHLEBepaQ0weApgkYe0TqrSjHWINjMyZBWrnh0pGL0IygW7w_Rljdh:1pRLUl:3rFqO10flKHUl2jRuyxQgDSM4sH5gV-WNFeDSzrsdmk", "expire_date": "2023-02-26T23:10:55.616Z"}}, {"model": "sessions.session", "pk": "li2xg1d6dqtxc5cghyahhzlmackmvez2", "fields": {"session_data": ".eJxVjEEOwiAQRe_C2pACDqUu3fcMZBhmpGpoUtqV8e7apAvd_vfef6mI21ri1niJU1YXZdTpd0tID647yHest1nTXNdlSnpX9EGbHufMz-vh_h0UbOVbkwiDJGREBiDrBvDedS74LoUUwFkxZ2NSLxJwICBjiJzl0NvM7J16fwAE-zhi:1pTaQv:M0S2JuhHs3yJqfxKFe5Q8F0Y3P0AcNj-K3nJGvz6pa4", "expire_date": "2023-03-05T03:32:13.884Z"}}]